{
  "metadata": {
    "input_image": "/home/mahesh/Videos/Autonex/OCR/ocr/scripts/temp_uploads/1.jpg",
    "processed_at": "2025-12-28T22:34:23.371024",
    "image_type": "product",
    "system_version": "2.0"
  },
  "image_features": {
    "aspect_ratio": 0.671875,
    "saturation_mean": 65.71848514211887,
    "brightness_mean": 131.38696866925065,
    "edge_density": 0.09060723514211887
  },
  "barcodes": {
    "count": 2,
    "details": [
      {
        "index": 1,
        "type": "BarcodeFormat.DataBar",
        "data": "74263304778258",
        "rect": [
          10,
          10,
          100,
          50
        ],
        "polygon": [],
        "strategy": "Sharpened (ZXing)"
      },
      {
        "index": 2,
        "type": "BarcodeFormat.DataBar",
        "data": "69048058245267",
        "rect": [
          10,
          10,
          100,
          50
        ],
        "polygon": [],
        "strategy": "Sharpened (ZXing)"
      }
    ]
  },
  "ocr_results": {
    "text_regions": 56,
    "corrections_made": 0,
    "details": [
      {
        "text": "TRADER JOE'S",
        "confidence": 0.9571934342384338,
        "box": [
          [
            176,
            132
          ],
          [
            463,
            122
          ],
          [
            464,
            152
          ],
          [
            177,
            162
          ]
        ],
        "center": [
          320,
          142
        ],
        "size": [
          288,
          40
        ],
        "variant": "original"
      },
      {
        "text": "2001 Greenvi1le Ave",
        "confidence": 0.9153279662132263,
        "box": [
          [
            203,
            192
          ],
          [
            371,
            186
          ],
          [
            372,
            206
          ],
          [
            204,
            212
          ]
        ],
        "center": [
          287,
          199
        ],
        "size": [
          169,
          26
        ],
        "variant": "original"
      },
      {
        "text": "Dallas TX 75206",
        "confidence": 0.915924072265625,
        "box": [
          [
            211,
            211
          ],
          [
            363,
            206
          ],
          [
            364,
            226
          ],
          [
            212,
            231
          ]
        ],
        "center": [
          287,
          218
        ],
        "size": [
          153,
          25
        ],
        "variant": "original"
      },
      {
        "text": "Store #403-469)334-0614",
        "confidence": 0.9559927582740784,
        "box": [
          [
            170,
            233
          ],
          [
            409,
            222
          ],
          [
            410,
            242
          ],
          [
            171,
            253
          ]
        ],
        "center": [
          290,
          237
        ],
        "size": [
          240,
          31
        ],
        "variant": "original"
      },
      {
        "text": "OPEN 8:00AM TO 9:0OPM DAILY",
        "confidence": 0.8751776218414307,
        "box": [
          [
            173,
            272
          ],
          [
            409,
            262
          ],
          [
            409,
            282
          ],
          [
            174,
            292
          ]
        ],
        "center": [
          291,
          277
        ],
        "size": [
          236,
          30
        ],
        "variant": "original"
      },
      {
        "text": "R-CARROTS SHREDDED 10 OZ",
        "confidence": 0.9394953846931458,
        "box": [
          [
            115,
            316
          ],
          [
            323,
            308
          ],
          [
            324,
            325
          ],
          [
            115,
            333
          ]
        ],
        "center": [
          219,
          320
        ],
        "size": [
          209,
          25
        ],
        "variant": "original"
      },
      {
        "text": "R-CUCUMBERS PERSIAN 1LB",
        "confidence": 0.9622921347618103,
        "box": [
          [
            116,
            334
          ],
          [
            324,
            326
          ],
          [
            325,
            343
          ],
          [
            116,
            351
          ]
        ],
        "center": [
          220,
          338
        ],
        "size": [
          209,
          25
        ],
        "variant": "original"
      },
      {
        "text": "1.29",
        "confidence": 0.9944297671318054,
        "box": [
          [
            400,
            301
          ],
          [
            439,
            301
          ],
          [
            439,
            323
          ],
          [
            400,
            323
          ]
        ],
        "center": [
          419,
          312
        ],
        "size": [
          39,
          22
        ],
        "variant": "original"
      },
      {
        "text": "1.99",
        "confidence": 0.9953712821006775,
        "box": [
          [
            399,
            319
          ],
          [
            439,
            317
          ],
          [
            441,
            340
          ],
          [
            400,
            342
          ]
        ],
        "center": [
          419,
          329
        ],
        "size": [
          42,
          25
        ],
        "variant": "original"
      },
      {
        "text": "TOMATOES CRUSHED NO SALT",
        "confidence": 0.9496981501579285,
        "box": [
          [
            120,
            353
          ],
          [
            324,
            345
          ],
          [
            325,
            362
          ],
          [
            120,
            370
          ]
        ],
        "center": [
          222,
          357
        ],
        "size": [
          205,
          25
        ],
        "variant": "original"
      },
      {
        "text": "1.59",
        "confidence": 0.995164692401886,
        "box": [
          [
            400,
            338
          ],
          [
            439,
            336
          ],
          [
            441,
            359
          ],
          [
            401,
            361
          ]
        ],
        "center": [
          420,
          348
        ],
        "size": [
          41,
          25
        ],
        "variant": "original"
      },
      {
        "text": "ORGANIC OLD FASHIONED OATMEAL",
        "confidence": 0.9529843330383301,
        "box": [
          [
            122,
            388
          ],
          [
            367,
            378
          ],
          [
            368,
            397
          ],
          [
            122,
            407
          ]
        ],
        "center": [
          244,
          392
        ],
        "size": [
          246,
          29
        ],
        "variant": "original"
      },
      {
        "text": "TOMATOES WHOLE NO SALT W/BASIL",
        "confidence": 0.9564513564109802,
        "box": [
          [
            120,
            370
          ],
          [
            374,
            360
          ],
          [
            375,
            379
          ],
          [
            120,
            389
          ]
        ],
        "center": [
          247,
          374
        ],
        "size": [
          255,
          29
        ],
        "variant": "original"
      },
      {
        "text": "2.69",
        "confidence": 0.9816169142723083,
        "box": [
          [
            400,
            375
          ],
          [
            440,
            373
          ],
          [
            442,
            395
          ],
          [
            401,
            397
          ]
        ],
        "center": [
          420,
          385
        ],
        "size": [
          42,
          24
        ],
        "variant": "original"
      },
      {
        "text": "2.49",
        "confidence": 0.9928022623062134,
        "box": [
          [
            400,
            393
          ],
          [
            440,
            391
          ],
          [
            442,
            412
          ],
          [
            401,
            414
          ]
        ],
        "center": [
          420,
          402
        ],
        "size": [
          42,
          23
        ],
        "variant": "original"
      },
      {
        "text": "MINI-PEARL TOMATOES.",
        "confidence": 0.9725533723831177,
        "box": [
          [
            122,
            407
          ],
          [
            291,
            400
          ],
          [
            292,
            417
          ],
          [
            122,
            424
          ]
        ],
        "center": [
          206,
          412
        ],
        "size": [
          170,
          24
        ],
        "variant": "original"
      },
      {
        "text": "PKG SHREDDED MOZZARELLA LITE T",
        "confidence": 0.954792320728302,
        "box": [
          [
            124,
            425
          ],
          [
            379,
            413
          ],
          [
            380,
            430
          ],
          [
            125,
            442
          ]
        ],
        "center": [
          252,
          427
        ],
        "size": [
          256,
          29
        ],
        "variant": "original"
      },
      {
        "text": "3.99",
        "confidence": 0.9946820139884949,
        "box": [
          [
            401,
            409
          ],
          [
            440,
            407
          ],
          [
            442,
            429
          ],
          [
            402,
            431
          ]
        ],
        "center": [
          421,
          419
        ],
        "size": [
          41,
          24
        ],
        "variant": "original"
      },
      {
        "text": "3.79",
        "confidence": 0.9955794215202332,
        "box": [
          [
            402,
            427
          ],
          [
            440,
            425
          ],
          [
            442,
            446
          ],
          [
            403,
            448
          ]
        ],
        "center": [
          421,
          436
        ],
        "size": [
          40,
          23
        ],
        "variant": "original"
      },
      {
        "text": "BEANS GARBANZO",
        "confidence": 0.9716935753822327,
        "box": [
          [
            125,
            459
          ],
          [
            247,
            454
          ],
          [
            248,
            470
          ],
          [
            125,
            475
          ]
        ],
        "center": [
          186,
          464
        ],
        "size": [
          123,
          21
        ],
        "variant": "original"
      },
      {
        "text": "EGGS 1 DOZ ORGANIC BROWN.",
        "confidence": 0.9434943199157715,
        "box": [
          [
            124,
            441
          ],
          [
            336,
            432
          ],
          [
            337,
            452
          ],
          [
            125,
            461
          ]
        ],
        "center": [
          230,
          446
        ],
        "size": [
          213,
          29
        ],
        "variant": "original"
      },
      {
        "text": "0.89",
        "confidence": 0.9966930150985718,
        "box": [
          [
            403,
            445
          ],
          [
            441,
            443
          ],
          [
            442,
            462
          ],
          [
            404,
            464
          ]
        ],
        "center": [
          422,
          453
        ],
        "size": [
          39,
          21
        ],
        "variant": "original"
      },
      {
        "text": "2.99",
        "confidence": 0.9947190284729004,
        "box": [
          [
            404,
            461
          ],
          [
            441,
            459
          ],
          [
            443,
            480
          ],
          [
            405,
            482
          ]
        ],
        "center": [
          423,
          470
        ],
        "size": [
          39,
          23
        ],
        "variant": "original"
      },
      {
        "text": "SPROUTED CA STYLE",
        "confidence": 0.9459673762321472,
        "box": [
          [
            126,
            473
          ],
          [
            274,
            468
          ],
          [
            274,
            486
          ],
          [
            126,
            491
          ]
        ],
        "center": [
          200,
          479
        ],
        "size": [
          148,
          23
        ],
        "variant": "original"
      },
      {
        "text": "A-AVOCADOS HASS BAG 4CT",
        "confidence": 0.9525341987609863,
        "box": [
          [
            126,
            490
          ],
          [
            323,
            483
          ],
          [
            324,
            500
          ],
          [
            126,
            507
          ]
        ],
        "center": [
          224,
          495
        ],
        "size": [
          198,
          24
        ],
        "variant": "original"
      },
      {
        "text": "3.99",
        "confidence": 0.9975869059562683,
        "box": [
          [
            404,
            478
          ],
          [
            443,
            476
          ],
          [
            445,
            497
          ],
          [
            405,
            499
          ]
        ],
        "center": [
          424,
          487
        ],
        "size": [
          41,
          23
        ],
        "variant": "original"
      },
      {
        "text": "2.99",
        "confidence": 0.987267255783081,
        "box": [
          [
            408,
            496
          ],
          [
            445,
            496
          ],
          [
            445,
            515
          ],
          [
            408,
            515
          ]
        ],
        "center": [
          426,
          505
        ],
        "size": [
          37,
          19
        ],
        "variant": "original"
      },
      {
        "text": "A-APPLE BAG JAZZ 2 LB",
        "confidence": 0.9207814335823059,
        "box": [
          [
            126,
            507
          ],
          [
            310,
            501
          ],
          [
            311,
            518
          ],
          [
            126,
            524
          ]
        ],
        "center": [
          218,
          512
        ],
        "size": [
          185,
          23
        ],
        "variant": "original"
      },
      {
        "text": "A-PEPPER BELL EACH XL RED",
        "confidence": 0.9286012053489685,
        "box": [
          [
            127,
            524
          ],
          [
            343,
            517
          ],
          [
            344,
            534
          ],
          [
            127,
            541
          ]
        ],
        "center": [
          235,
          529
        ],
        "size": [
          217,
          24
        ],
        "variant": "original"
      },
      {
        "text": "0.99",
        "confidence": 0.9956495761871338,
        "box": [
          [
            407,
            512
          ],
          [
            447,
            510
          ],
          [
            449,
            532
          ],
          [
            408,
            534
          ]
        ],
        "center": [
          427,
          522
        ],
        "size": [
          42,
          24
        ],
        "variant": "original"
      },
      {
        "text": "0.98",
        "confidence": 0.9964537620544434,
        "box": [
          [
            408,
            530
          ],
          [
            448,
            528
          ],
          [
            450,
            550
          ],
          [
            409,
            552
          ]
        ],
        "center": [
          428,
          540
        ],
        "size": [
          42,
          24
        ],
        "variant": "original"
      },
      {
        "text": "GROCERY NON TAXABLE",
        "confidence": 0.9586734771728516,
        "box": [
          [
            126,
            541
          ],
          [
            295,
            534
          ],
          [
            296,
            554
          ],
          [
            127,
            561
          ]
        ],
        "center": [
          211,
          547
        ],
        "size": [
          170,
          27
        ],
        "variant": "original"
      },
      {
        "text": "2@0.49",
        "confidence": 0.9338746666908264,
        "box": [
          [
            142,
            559
          ],
          [
            218,
            555
          ],
          [
            219,
            575
          ],
          [
            143,
            579
          ]
        ],
        "center": [
          180,
          567
        ],
        "size": [
          77,
          24
        ],
        "variant": "original"
      },
      {
        "text": "BANANAS ORGANIC",
        "confidence": 0.9830613732337952,
        "box": [
          [
            127,
            577
          ],
          [
            261,
            572
          ],
          [
            262,
            592
          ],
          [
            128,
            597
          ]
        ],
        "center": [
          194,
          584
        ],
        "size": [
          135,
          25
        ],
        "variant": "original"
      },
      {
        "text": "0.87",
        "confidence": 0.9954595565795898,
        "box": [
          [
            412,
            565
          ],
          [
            453,
            565
          ],
          [
            453,
            587
          ],
          [
            412,
            587
          ]
        ],
        "center": [
          432,
          576
        ],
        "size": [
          41,
          22
        ],
        "variant": "original"
      },
      {
        "text": "3FA@0.29/EA",
        "confidence": 0.9022901654243469,
        "box": [
          [
            144,
            595
          ],
          [
            289,
            590
          ],
          [
            290,
            610
          ],
          [
            145,
            615
          ]
        ],
        "center": [
          217,
          602
        ],
        "size": [
          146,
          25
        ],
        "variant": "original"
      },
      {
        "text": "CREAMY SALTED PEANUT BUTTER",
        "confidence": 0.9570050239562988,
        "box": [
          [
            129,
            615
          ],
          [
            367,
            605
          ],
          [
            368,
            624
          ],
          [
            130,
            634
          ]
        ],
        "center": [
          248,
          619
        ],
        "size": [
          239,
          29
        ],
        "variant": "original"
      },
      {
        "text": "2.49",
        "confidence": 0.9912076592445374,
        "box": [
          [
            416,
            602
          ],
          [
            455,
            602
          ],
          [
            455,
            621
          ],
          [
            416,
            621
          ]
        ],
        "center": [
          435,
          611
        ],
        "size": [
          39,
          19
        ],
        "variant": "original"
      },
      {
        "text": "1.69",
        "confidence": 0.9921835064888,
        "box": [
          [
            418,
            619
          ],
          [
            458,
            619
          ],
          [
            458,
            641
          ],
          [
            418,
            641
          ]
        ],
        "center": [
          438,
          630
        ],
        "size": [
          40,
          22
        ],
        "variant": "original"
      },
      {
        "text": "WHL WHT PITA BREAD",
        "confidence": 0.9309956431388855,
        "box": [
          [
            130,
            634
          ],
          [
            290,
            628
          ],
          [
            290,
            646
          ],
          [
            130,
            652
          ]
        ],
        "center": [
          210,
          640
        ],
        "size": [
          160,
          24
        ],
        "variant": "original"
      },
      {
        "text": "GROCERY NON TAXABLE",
        "confidence": 0.9552455544471741,
        "box": [
          [
            130,
            653
          ],
          [
            300,
            646
          ],
          [
            301,
            666
          ],
          [
            131,
            673
          ]
        ],
        "center": [
          215,
          659
        ],
        "size": [
          171,
          27
        ],
        "variant": "original"
      },
      {
        "text": "1.38",
        "confidence": 0.9907978177070618,
        "box": [
          [
            418,
            637
          ],
          [
            458,
            635
          ],
          [
            460,
            658
          ],
          [
            419,
            660
          ]
        ],
        "center": [
          438,
          647
        ],
        "size": [
          42,
          25
        ],
        "variant": "original"
      },
      {
        "text": "2@0.69",
        "confidence": 0.9446656703948975,
        "box": [
          [
            146,
            672
          ],
          [
            222,
            668
          ],
          [
            223,
            689
          ],
          [
            147,
            693
          ]
        ],
        "center": [
          184,
          680
        ],
        "size": [
          77,
          25
        ],
        "variant": "original"
      },
      {
        "text": "SUBTOTAL",
        "confidence": 0.9950860738754272,
        "box": [
          [
            132,
            712
          ],
          [
            204,
            710
          ],
          [
            205,
            731
          ],
          [
            133,
            733
          ]
        ],
        "center": [
          168,
          721
        ],
        "size": [
          73,
          23
        ],
        "variant": "original"
      },
      {
        "text": "$38.68",
        "confidence": 0.9928195476531982,
        "box": [
          [
            440,
            696
          ],
          [
            497,
            693
          ],
          [
            498,
            715
          ],
          [
            441,
            718
          ]
        ],
        "center": [
          469,
          705
        ],
        "size": [
          58,
          25
        ],
        "variant": "original"
      },
      {
        "text": "CASH",
        "confidence": 0.9970782995223999,
        "box": [
          [
            134,
            751
          ],
          [
            208,
            747
          ],
          [
            209,
            768
          ],
          [
            135,
            772
          ]
        ],
        "center": [
          171,
          759
        ],
        "size": [
          75,
          25
        ],
        "variant": "original"
      },
      {
        "text": "TOTAL",
        "confidence": 0.9985377192497253,
        "box": [
          [
            134,
            732
          ],
          [
            219,
            728
          ],
          [
            220,
            748
          ],
          [
            135,
            752
          ]
        ],
        "center": [
          177,
          740
        ],
        "size": [
          86,
          24
        ],
        "variant": "original"
      },
      {
        "text": "$40.00",
        "confidence": 0.9963817596435547,
        "box": [
          [
            442,
            735
          ],
          [
            499,
            732
          ],
          [
            500,
            753
          ],
          [
            443,
            756
          ]
        ],
        "center": [
          471,
          744
        ],
        "size": [
          58,
          24
        ],
        "variant": "original"
      },
      {
        "text": "$1.32",
        "confidence": 0.9968757629394531,
        "box": [
          [
            451,
            753
          ],
          [
            500,
            751
          ],
          [
            501,
            773
          ],
          [
            452,
            775
          ]
        ],
        "center": [
          476,
          763
        ],
        "size": [
          50,
          24
        ],
        "variant": "original"
      },
      {
        "text": "CHANGE",
        "confidence": 0.997748851776123,
        "box": [
          [
            134,
            769
          ],
          [
            192,
            767
          ],
          [
            193,
            788
          ],
          [
            135,
            790
          ]
        ],
        "center": [
          163,
          778
        ],
        "size": [
          59,
          23
        ],
        "variant": "original"
      },
      {
        "text": "ITEMS 22",
        "confidence": 0.9308652877807617,
        "box": [
          [
            137,
            807
          ],
          [
            213,
            804
          ],
          [
            214,
            824
          ],
          [
            138,
            827
          ]
        ],
        "center": [
          175,
          815
        ],
        "size": [
          77,
          23
        ],
        "variant": "original"
      },
      {
        "text": "06-28-2014 12:34PM 0403 04 1346 4683",
        "confidence": 0.9273794889450073,
        "box": [
          [
            138,
            825
          ],
          [
            476,
            809
          ],
          [
            477,
            829
          ],
          [
            139,
            845
          ]
        ],
        "center": [
          307,
          827
        ],
        "size": [
          339,
          36
        ],
        "variant": "original"
      },
      {
        "text": "Higgins,Ryan",
        "confidence": 0.960639476776123,
        "box": [
          [
            392,
            796
          ],
          [
            510,
            791
          ],
          [
            511,
            811
          ],
          [
            393,
            816
          ]
        ],
        "center": [
          451,
          803
        ],
        "size": [
          119,
          25
        ],
        "variant": "original"
      },
      {
        "text": "THANK YOU FOR SHOPPING AT",
        "confidence": 0.9595675468444824,
        "box": [
          [
            213,
            859
          ],
          [
            430,
            848
          ],
          [
            431,
            865
          ],
          [
            214,
            876
          ]
        ],
        "center": [
          322,
          862
        ],
        "size": [
          218,
          28
        ],
        "variant": "original"
      },
      {
        "text": "TRADER JOE'S",
        "confidence": 0.9555965065956116,
        "box": [
          [
            273,
            872
          ],
          [
            383,
            866
          ],
          [
            384,
            883
          ],
          [
            274,
            889
          ]
        ],
        "center": [
          328,
          877
        ],
        "size": [
          111,
          23
        ],
        "variant": "original"
      },
      {
        "text": "www.traderjoes.com",
        "confidence": 0.9832034707069397,
        "box": [
          [
            249,
            889
          ],
          [
            405,
            880
          ],
          [
            407,
            897
          ],
          [
            250,
            906
          ]
        ],
        "center": [
          327,
          893
        ],
        "size": [
          158,
          26
        ],
        "variant": "original"
      }
    ]
  },
  "output_files": {
    "visualization": "ocr_results/1/1_20251228_223419_result.jpg",
    "text": "ocr_results/1/1_20251228_223419_text.txt"
  }
}